Name of file;Speaker;Topic;Start time;End time;Location
#cmu.andrew.org.cfa.cfa-today-516_1#;MERCE CUNNINGHAM;1994 Art Lecture Series;5:00 PM;;DH 2315
cmu.andrew.academic.bio-242_0;Dr Jeffrey D Hermes;"""MHC Class II: A Target for Specific Immunomodulation of the";3:30 PM;;Mellon Institute Conference Room
cmu.andrew.academic.met-e-19_1;;Career Talk 3.28.95;12:00 PM;;
cmu.andrew.academic.sds.seminars-56_0;Professor John Skvoretz;SKVORETZ Seminar;4:00;5:30;PH 223D
cmu.andrew.assocs.gso-1415_1;;UTC Summer Seminars for Graduate Students;2:00;4:00 PM;Carnegie Conference Room, Warner Hall
cmu.andrew.assocs.UEA-142_0;;Re: entreprenuership speaker;7:00 PM;;room 261 of GSIA in the new building
cmu.andrew.official.career-center-1495_0;Andrew Gault;Marketability Talk;7:00 PM;;Carnegie Conference Room, 1st Floor Warner Hall
cmu.andrew.official.cmu-news-2450_0;Professors Rob A Rutenbar;CEDA Spring Lecture Series;3:30 PM;;Adamson Wing, Baker Hall
cmu.andrew.official.cmu-news-2457_0;Joe Mertz;CIL Education Seminar;12:00 PM;1:00 PM;Student Center Room 207
cmu.andrew.official.cmu-news-2477_0;Professor Warren Baker;Chemical Engineering Seminar;10:45 AM;;Doherty
cmu.andrew.official.cmu-news-2513_0;Professor Steven Granick;ChemE,Physics Seminar;4:30 PM;;Wean Hall 7500
cmu.andrew.official.cmu-news-2516_0;Steve Granick;Physics Colloquium,Feb. 27;4:30 PM;;7500 Wean Hall
cmu.andrew.official.cmu-news-2527_0;Richard Maddox;Cultural Analysis Lecture;3:30 PM;;Baker Hall 235A
cmu.andrew.official.cmu-news-2611_0;FARRO F RADJY, PHD;ECE Seminar;4:00;5:00 PM;Scaife Hall Auditorium
cmu.andrew.official.cmu-news-2627_0;Dr Franklyn G Prendergast;"""Picosecond Motion in Proteins: Experiments, Analysis,";3:30 PM;;Mellon Institute Conference Room
cmu.andrew.official.cmu-news-2633_0;;"""Coffee Talk""";8:00 PM;;Women's Center
cmu.andrew.official.cmu-news-2674_0;Professor Sara Kiesler;Graduate Student Seminar Lunch;12:00 PM;1:30 PM;romm 207, Student Activities Center
cmu.andrew.official.cmu-news-2680_0;Gary K Fedder;CEDA Spring Lecture;3:30 PM;;Adamson Wing, Baker Hall
cmu.andrew.official.cmu-news-2737_0;Dr R J (Bob) Pangborn;Chem. Eng. Seminar;10:45 AM;;Doherty Hall 1112
cmu.andrew.official.cmu-news-2752_0;Laura Petitto;Psychology Colloquium;12:00 PM;;Baker Hall 355
cmu.andrew.official.cmu-news-2811_0;Patricia Brooks;Psychology Post-Doc Talk;12:00 PM;;Baker Hall 355
cmu.andrew.official.cmu-news-2912_1;;"""Courseware"" Presentations";10:00 AM;12:00 PM;Hamburg Hall 1000
cmu.andrew.org.ACE-NIP-9_1;Stephanie Shaw;Speaker;10:30;12:00;Seminar Room 254A
cmu.andrew.org.cfa.cfa-today-19_0;;Architecture Lectures;4:30 PM;;Breed Hall, Margaret Morrison Room 103
cmu.andrew.org.cfa.cfa-today-212_0;Woody Vasulka;Art Lecture: 10/13/92;5:00 PM;;College of
cmu.andrew.org.cfa.cfa-today-516_1;MERCE CUNNINGHAM;1994 Art Lecture Series;5:00 PM;;DH 2315
cmu.andrew.org.cfa.cfa-today-533_0;Joyce Scott;Art Department Lecture Series;5:00 PM;;2315 Doherty Hall
cmu.andrew.org.cfa.cfa-today-557_0;Steven Kurtz;Art Dept Lecture Series Continues;5:00 PM;;DH 2315
cmu.andrew.org.cfa.cfa-today-599_0;;Lecture tonight!;5:00 PM;;Doherty Hall, Room 2315
cmu.andrew.org.che.chegsa-224_0;;Fwd: Women's Speaker Series;4:30 PM;;Faculty Dining
cmu.andrew.org.che.chegsa-242_0;R A V I   K I R A N;Fwd: Lecture Demonstration by Ravi Kiran;7:30 PM;;Mellon Institute Auditorium
cmu.andrew.org.che.chegsa-58_0;;Talk;10:00 AM;;
cmu.andrew.org.che.chegsa-597_0;James Demmel;Fwd: CS/PSC Seminar 11/11;4:00 PM;;3rd Floor Conference room
cmu.andrew.org.cil-22_0;Bruce Sherwood;CIL Member to Lecture at Physics Colloquium;4:30 PM;;Wean 7500
cmu.andrew.org.cil-28_0;David Banks;Quis Metabitur Ipsos Mensores?;12:00 PM;1:30 PM;Student Center, Room 207
cmu.andrew.org.cil-2_0;George W Cobb;Three Ways to Gum up a Statistics Course;4:00;;Adamson Wing, Baker Hall
cmu.andrew.org.cil-49_0;Larisa Naples;Education Seminar Series;12:00 PM;1:20 PM;Student Center, Room 210
cmu.andrew.org.cil-5_0;Karen Schriver;Education Seminar Series;12:00 PM;1:00 PM;3005 Hamburg Hall
cmu.andrew.org.cmu-hci-174_0;Professor Manfred Paul;Integrated Network for the Teaching of Students in Informatics;1:30 PM;;Wean Hall 5409
cmu.andrew.org.cmu-hci-190_0;Joy Mountford;<speaker>Joy Mountford</speaker> Presentation;10:00;11:30 AM;basement of Hunt Library
cmu.andrew.org.cmu-hci-271_0;Maxion;HCI Reading Seminar;1:25;1430;Doherty 3313
cmu.andrew.org.cmu-hci-274_0;Alex Rudnicky;HCI & G Seminar/<speaker>Alex Rudnicky</speaker>/Wed. Oct. 21, '92;3:30;5:00 PM;Wean Hall 5409
cmu.andrew.org.cmu-hci-301_0;Emilie Roth;HCI & G Seminar/Wed. Jan. 13,'93-<stime>3:30</stime>-<etime>5:00pm</etime>-<location>WeH 5409</location>;3:30;5:00pm;WeH 5409
cmu.andrew.org.cmu-hci-302_0;Emily Roth;HCI & G Seminar - Change in time for <speaker>Emily Roth</speaker> Talk;3:00;4:00 PM;Wean Hall 5409
cmu.andrew.org.cmu-hci-303_0;Richard M Young;HCI&G Seminar-Wed. Jan. 20,'93/Richard Young Speaker;3:30;5:00 PM;Wean Hall 5409
cmu.andrew.org.cmu-hci-323_0;John Gould;HCI Seminar/Wed. Mar. 31, '93/<speaker>John Gould</speaker>-<location>WeH 5409</location>  <stime>3:30</stime>;3:30;5:00pm;WeH 5409
cmu.andrew.org.cmu-hci-326_0;Alex Waibel;HCI Seminar/Wed. April 7, '93/Alex Waibel;3:30;5:00 PM;Wean Hall 5409
cmu.andrew.org.cmu-hci-328_0;Jolene Galegher;HCI Seminar/Wed. April 14, '93-Jolene Galegher, Dept. of English;3:30;5:00 PM;Wean Hall 5409
cmu.andrew.org.cmu-hci-377_0;Robert Stevens;HCI Seminar/<speaker>Robert Stevens</speaker>/Friday, September 10, 1993;12:30;2:00 PM;Wean Hall 4623
cmu.andrew.org.cmu-hci-385_0;Tom Mitchell;HCI Seminar/Wed. Oct. 6, '93/<speaker>Tom Mitchell</speaker>, Computer Science;3:30;5:00 PM;Wean Hall 5409
cmu.andrew.org.cmu-hci-388_0;Randy Pausch;HCI Seminar/Wed. Oct. 13, '93/<speaker>Randy Pausch</speaker>, Univ. of Virginia;3:30 PM;5:00 PM;Wean Hall 5409
cmu.andrew.org.cmu-hci-405_0;Ralph D Hill;REMINDER:  HCI Seminar/Ralph Hill/Wed. Nov. 10, '93;3:30;5:00 PM;Wean Hall 5409
cmu.andrew.org.cmu-hci-411_0;Tom Neuendorffer;HCI Seminar - Wed. Dec. 1 '93 Tom Neuendorffer ITC/CS/CMU;3:30;5:00 PM;Wean Hall 5409
cmu.andrew.org.cmu-hci-420_0;Michael Christel;HCI Seminar;3:30;5:00;WeH 5409
cmu.andrew.org.cmu-hci-429_0;Robert E Kraut;Feb 23 HCI Seminar;3:30 PM;5:00 PM;Wean 5409
cmu.andrew.org.cmu-hci-442_0;Chip Walter;April 6 HCI Seminar;3:30;5:00 PM;WeH 5409
cmu.andrew.org.cmu-hci-457_0;Grady Booch;<speaker>Grady Booch</speaker> talk TODAY!;11:00 AM;12:30 PM;Wean Hall 4623
cmu.andrew.org.cmu-hci-499_0;Michael A Cusumano;PS Seminar;3:30;5:00 PM;WEH 5409
cmu.andrew.org.cmu-hci-518_0;Dan Suthers;HCII SEMINAR;3:30;;Wean Hall 5409
cmu.andrew.org.cmu-hci-519_0;Maria Klawe;Electronic Games and Interactive Multi-Media:;3:30;;Wean 4623
cmu.andrew.org.cmu-hci-534_0;Jef Raskin;HCI Seminar, <speaker>Jef Raskin</speaker>, Wed, 4-12;3:30;5:00 PM;Wean Hall 5409
cmu.andrew.org.cmu-hci-536_0;Jef Raskin;HCI SEMINAR, <speaker>Jef Raskin</speaker>, Part I and Part II;3:30;5:00 PM;Wean Hall 5409
cmu.andrew.org.cmu-hci-7_0;Dan R Olsen Jr;PS Seminar 11/30/87;3:30;5:00;Wean 5409
cmu.andrew.org.cmu-hci-87_0;Jakob Nielsen;Discount Usability Engineering;1:30;;SEI 3505
cmu.andrew.org.cmu-hci-8_0;Dan R Olsen Jr;UI talk  **TODAY**;5:00 PM;;Wean 5409
cmu.andrew.org.english-1_0;Dave Kaufer;Colloquium Tomorrow;12:00 PM;1:00 PM;Swank Room, Baker Hall 255B
cmu.andrew.org.epp-21_0;Dr Sorin Cohn;Special INI Seminar;3:30 PM;;Hamburg Hall room 2224
cmu.andrew.org.epp-303_0;MR DAVID A LENNERT;green design seminar;6:00 PM;;ADAMSON WING, BAKER HALL 136
cmu.andrew.org.epp-317_0;DR SPYROS PANDIS;10/29 EES seminar;3:30 PM;;Porter Hall A18C
cmu.andrew.org.epp-322_0;Keith Florig;EPP Seminar Series;4:30 PM;;EPP conference room, located in BH 129
cmu.andrew.org.epp-344_0;Rayman;<speaker>Rayman</speaker> talk: Competition vs. Community  11/10/93 <stime>4:30</stime> <location>Benedum Hall</location>;4:30;;Benedum Hall
cmu.andrew.org.epp-375_0;Michael Gregory;Fwd: Lecture;12:30;2:00 PM;Hamburg Hall Auditorium
cmu.andrew.org.epp-382_0;Jonathan Caulkins;Fwd: SEMINAR REMINDER;3:30 PM;;Baker Hall - 355
cmu.andrew.org.epp-397_0;Dr Jack Adams;EPP Seminar;4:30 PM;;EPP conference room, located in BH-129
cmu.andrew.org.epp-42_0;Roger Dannenberg;Seminar Announcement;1:00;2:30 PM;Hamburg Hall 1000
cmu.andrew.org.epp-464_0;DAVID DZOMBAK;3/4 EES seminar;3:30 PM;;Porter Hall A18C
cmu.andrew.org.epp-475_0;Dr Randall Curlee;Seminar: Auto Recycling;1:30 PM;;HBH 1202
cmu.andrew.org.epp-486_0;E Sudicky Darcy;<speaker>E. Sudicky Darcy</speaker> Lecture;5:30 PM;;Doherty Hall 1112
cmu.andrew.org.epp-523_0;J Morgan;reminder:  <speaker>J. Morgan</speaker>'s talk;2:00 PM;;1175 Benedum Hall
cmu.andrew.org.epp-533_0;MR MICHAEL LUTZ;4/22 EES seminar;3:30 PM;;Porter Hall A18C
cmu.andrew.org.epp-55_0;Shyam Sunder;INI SEMINAR SERIES;11:00;12:30 PM;Hamburg Hall 1001
cmu.andrew.org.epp-571_0;Mr Dan Walker;5/13 EES seminar;3:30 PM;;Porter Hall A18C
cmu.andrew.org.epp-58_0;ANDREW C BARRETT;INI SPECIAL SEMINAR;5:00 PM;;Scaife Auditorium (Room 125
cmu.andrew.org.epp-592_0;Joe Cascio;Fwd: Special Seminar;12:30;1:30;Hamburg Hall Auditorium
cmu.andrew.org.epp-63_0;Dan Siewiorek;CORRECTION - INI SEMINAR SERIES;11:00;12:30 PM;Hamburg Hall 1002
cmu.andrew.org.epp-66_0;Dr James C Wetherbe;DISTINGUISHED LECTURE of ATI;1:00 PM;;Skibo Ballroom
cmu.andrew.org.epp-703_10;Dr John Bares;CEE EES Seminar Series;2:30;;HH B131
cmu.andrew.org.epp-703_12;Mr Subhasis Ghoshal;CEE EES Seminar Series;3:30;;PH A18C
cmu.andrew.org.epp-703_13;Mr Arpad Horvath;CEE EES Seminar Series;3:30;;PH A18C
cmu.andrew.org.epp-703_6;Dr Davis L Ford;CEE EES Seminar Series;3:00;;Benedum 1175
cmu.andrew.org.epp-703_9;Mr Rajat Ghosh;CEE EES Seminar Series;2:30;;PH A18C
cmu.andrew.org.epp-709_0;DR WILLIAM FISH;10/7 EES Seminar;3:30 PM;;Porter Hall A18C
cmu.andrew.org.epp-737_0;Carla Gary;Fwd: Talk: University of 21st Century;12:00 PM;;Pitt in the Babcock
cmu.andrew.org.epp-799_0;DR STEPHEN KENNEDY;12/9 EES seminar;3:30 PM;;Porter Hall A18C
cmu.andrew.org.epp-825_0;DR PAUL FISCHBECK;1/27 CEE Dept Seminar;3:30 PM;;Porter Hall 125C
cmu.andrew.org.epp-82_0;Robert Thibadeau;INI SEMINAR SERIES;11:00;12:30 PM;Wean Hall 4623
cmu.andrew.org.epp-850_9;Dr Alexander Zehnder;EES Spring Seminars II;4:00;;PH 100
cmu.andrew.org.epp-897_0;John Graham;Distinguished Lecture Series;4:30;;Adamson Wing, Baker Hall
cmu.andrew.org.epp-926_0;Avi Seidmann;EDI Seminar - <speaker>Avi Seidmann</speaker>, May 10th;10:30;12:00;GSIA 259
cmu.andrew.org.epp-961_0;Christian Bischof;On the Automated Differentiation of Computer Programs;10:30;12:00;Porter Hall 07-A
cmu.andrew.org.heinz-1731_0;Arjun Makhijani, PhD;Lecture:  RADIOACTIVE HEAVEN AND EARTH;7:30 PM;;Breed Hall, Margaret Morrison Building
cmu.andrew.org.heinz-2478_4;Bennett Harrison;Graduate Student Seminar Series;12:00;1:30;
cmu.andrew.org.heinz-2653_1;;EPP Seminar;4:00 PM;;EPP Conference Room
cmu.andrew.org.heinz-2833_0;URMILA M DIWEKAR;EPP Grad Seminar;4:30 PM;;129 Baker hall
cmu.andrew.org.heinz-2910_0;Bill Wescott;Environmental Talk in 2 hrs;4:30 PM;;Engineering and Public Policy
cmu.andrew.org.heinz-3047_0;Mary Jane Jacob;<speaker>Mary Jane Jacob</speaker> Lecture;5:00 PM;;Doherty Hall, Room
cmu.andrew.org.heinz-3287_0;;Seminar on Monday;12:30 PM;2:00 PM;Hamburg Hall 1001
cmu.andrew.org.heinz-3528_0;Jim Boshears;Fwd: tax seminars;7:00 PM;;Room 2315 Doherty Hall
cmu.andrew.org.heinz-3541_0;ANDREW C BARRETT;INI SPECIAL SEMINAR;5:00 PM;;Scaife Auditorium (Room 125
cmu.andrew.org.heinz-3573_0;Erik Devereux;Soup & Substance Lecture;12:00 PM;1:00 PM;Wherrett Room, Skibo
cmu.andrew.org.heinz-4189_1;Jim Peters;Final Presentations on Systems Synthesis Projects;3:30 PM;;HbH 1003
cmu.andrew.org.heinz-4189_3;Dan Martin;Final Presentations on Systems Synthesis Projects;9:30 AM;;Museum of Art Theater, Carnegie
cmu.andrew.org.heinz-4189_6;Gordon Lewis;Final Presentations on Systems Synthesis Projects;3:30;5:00 PM;HbH 1004
cmu.andrew.org.heinz-4301_0;Brian McCall;"""Unemployment Insurance Rules, Joblessness and";3:30 PM;;University of Pittsburgh
cmu.andrew.org.heinz-4776_3;Louise Fitzgerald;Grad. Student Seminar Series;4:30;;Scaife Hall Auditorium
cmu.andrew.org.heinz-5109_0;Mike Davis;Fwd: <speaker>Mike Davis</speaker> Lectures;4:30 PM;;Skibo Ballroom
cmu.andrew.org.heinz-5123_0;;Systems Presentation;3:30 PM;;Hamburg Hall Room 1004
cmu.andrew.org.heinz-5257_0;Cindy Bryce;Brownbag talk on healthcare policy;12:30;;room 1001
cmu.andrew.org.heinz-5669_0;Dr Noellette Conway-Schempf;REMINDER: Green Design Seminar;12:30;1:50;Hamburg 1001
cmu.andrew.org.heinz-5966_0;Professor Ann Orloff;"Fwd: Seminar:""Politics of Pensions""";3:30 PM;;Baker Hall 237B
cmu.andrew.org.heinz-5968_0;Rob Rutenbar;Fwd: Graduate Student Seminar;12:00 PM;;Skibo
cmu.andrew.org.heinz-6208_1;Pat Laughlin;2 talks on Gender and Academia;4:00;;The Babcock Room, 40th floor, of
cmu.andrew.org.heinz-6248_0;Rosemary Chalk;""" Technology and Urban Violence: Community Control and Community Empowerment""";7:00 PM;;WEH
cmu.andrew.org.heinz-6342_0;;open Systems presentation;5:30 PM;;Room 2224 of EDRC
cmu.andrew.org.heinz-6564_2;;Fwd: UTC Summer Seminars for Graduate Students;2:00;3:30 PM;Warner Hall 415
cmu.andrew.org.heinz-7412_0;Carla Gary;Second talk: University of 21st Century;12:00 PM;;Babcock
cmu.andrew.org.heinz-8012_0;;WQEX Systems Presentation;8:30 AM;;1001 Hamburg
cmu.andrew.org.heinz-8113_0;Al Roth;Pitt-CMU Rationality Seminar;5:00 PM;;CMU, Adamson Wing (Baker Hall
cmu.andrew.org.heinz-8148_0;DR PAUL PORTNEY;2/16 Dist Lecture;5:00 PM;;ADAMSON WING AUDITORIUM, BAKER HALL
cmu.andrew.org.heinz-8548_0;Dr Janice Perlman;REMINDER:  Seminar 4/10 <stime>12:30pm</stime>;12:30pm;2:00;Hamburg 1001
cmu.andrew.org.heinz-8653_0;;ArtsNet final presentation;12:30 PM;;Room 1001, Hamburg Hall
cmu.andrew.org.heinz-8736_0;;Health Systems Presentation;10:00 AM;;Hamburg Hall, Room 1004
cmu.andrew.org.heinz.defense-275_0;;Re: presentation on 21 March;3:30;5:00;room 2110 in Hamburg Hall
cmu.andrew.org.heinz.defense-293_0;;Mock Presentation;3:30;;2110
cmu.andrew.org.heinz.defense-32_0;;presentation time & place;2:00 PM;4:00 PM;1003
cmu.andrew.org.heinz.defense-43_0;;Changed Presentation Date & Time;5:30;7:30;Hamburg Hall, H John Heinz III School of Public Policy and Management
cmu.andrew.org.heinz.derivatives-45_1;Mr Okada;Mock Presentation and Meeting with <speaker>Mr. Okada</speaker>;1:30 PM;;room 2110
cmu.andrew.org.heinz.dss-91_0;Thomas W Malone;Tools for Inventing Organizations: Toward a Handbook of;3:30 PM;;5409 Wean Hall
cmu.andrew.org.heinz.great-lake-155_0;;Re: PresentationCC:;12:30;;2110
cmu.andrew.org.heinz.mam-1334_0;;Fwd: CREATIVE CAREERS SEMINAR;9:00 AM;1:00 PM;ROBERT MORRIS--MOON CAMPUS
cmu.andrew.org.heinz.mam-1421_0;;March 18th Speakers;12:30;200PM;1004HBH
cmu.andrew.org.heinz.mam-233_0;Steve Appold;Arts Management Seminars;12:30;;HBH 1004
cmu.andrew.org.heinz.mam-563_0;Hirokazu Fukawa;<speaker>Hirokazu Fukawa</speaker> Lecture;5:00 PM;;Doherty Hall 2210
cmu.andrew.org.heinz.mam-694_0;Mary Jane Jacob;<speaker>Mary Jane Jacob</speaker> Lecture;5:00 PM;;Doherty Hall, Room
cmu.andrew.org.heinz.mpm-384_0;Marc Irwin, PhD;Upcoming seminar on medical management;2:00;3:30;
cmu.andrew.org.heinz.mpm-61_0;Kathy Bernard;Career Enhancement Seminar;9:00 AM;12:00 PM;ROOM 1004
cmu.andrew.org.heinz.mpm-65_0;;HR Management Colloquium;7:00 PM;;La Roche College, 9000 Babcock Blvd
cmu.andrew.org.heinz.mpm-84_0;Bill Hancock;DECUS Presentation;6:30 PM;;Doherty Hall, Rm DH2315
cmu.andrew.org.heinz.muni-61_0;Stefani Ledewitz;Fwd: SEMINAR: Rebuilding Cities;12:30 PM;;room 1001
cmu.andrew.org.heinz.opinions-4845_0;Carla Gary;Fwd: Second talk: University of 21st Century;12:00 PM;;Pitt in the Babcock
cmu.andrew.org.heinz.phd-132_0;;Women's Speaker Series: Thriving in the Academy;4:30 PM;;Faculty Dining Room in Skibo
cmu.andrew.org.heinz.phd-523_0;Professor Teddy Seidenfeld;OIC - CFP:  Seminar Series on Rational Choice - Duke University;4:00;6:00;116 Old Chem
cmu.andrew.org.heinz.phd-545_0;Sumit Dutta Chowdhury;Ph.D. Presentations;12:30;2:00 PM;Room 1004 HbH
cmu.andrew.org.heinz.phd-545_1;George Tita;Ph.D. Presentations;3:30;5:00 PM;Room 1004 HbH
cmu.andrew.org.heinz.phd-545_2;Terra McKinnish;Ph.D. Presentations;12:30;2:00 PM;Room 2110 HbH
cmu.andrew.org.heinz.phd-573_1;Cindy Bryce;Ph.D. Presentations;12:30;2:00 PM;Room 1004 HbH
cmu.andrew.org.heinz.sustain-216_0;;Jury presentations by architectural students;1:30;3:30;second floor of teh College of Fine Arts
cmu.andrew.org.hss.eng-8_0;Charles Paine;Public Lecture;4:30;;
cmu.andrew.org.ini.ati-466_0;Nobuhisa Yoda;AN ARCHITECTURAL DESIGN OF A TOOLKIT FOR SYNCHRONOUS;2:00;4:00;HbH 2222
cmu.andrew.org.ini.ms-2430_0;;Fwd: Graduate Student Seminar;12:00 PM;;room
cmu.andrew.org.ini.ms-2431_0;Mr M Irfan Ali;"""Current State of the ATM Products and Market""";4:00;5:00 PM;Scaife Hall Auditorium
cmu.andrew.org.ini.ms-2499_0;;schedule for presentations on electives;10:30 AM;1:30 PM;room 152
cmu.andrew.org.inst.tech.orders.done-1181_1;;order for 3 lectures;4:30 PM;;Adamson Wing Auditorium, Baker Hall
cmu.andrew.org.inst.tech.orders.done-1181_2;;order for 3 lectures;4:30 PM;;Adamson Wing Auditorium, Baker Hall
cmu.andrew.org.sds-26_0;Dr Daniel Reed;EPP Seminar Announcement;4:30 PM;;EPP conference room, located in BH-129
cmu.andrew.org.sds.pol_sci-225_0;Katarzyna Klich;Environmental Lecture;4:30 PM;;Adamson Wing
cmu.andrew.org.sds.pol_sci-226_0;Noelle C Conover;Career Talk;7:00 PM;;Carnegie Conference Room (1st Floor Warner Hall
cmu.andrew.org.sds.pol_sci-49_0;Prof Richard Day;Pubwash Lecture;4:30 PM;;Adamson Wing
cmu.andrew.org.stc-12_0;Karen;Week of May 8th Seminars, etc.;11:30;12:00;Engineer's Club, 337 4th Avenue
cmu.andrew.org.stc-13_2;Dr;Week of May 15th Seminars, etc.;3:30 PM;;1295 Biomedical Science Tower, Pitt
cmu.andrew.org.stc-18_3;Dr David;WEEKLY SEMINARS - JUNE 5;3:30 PM;;1295 Biomedical Science Tower
cmu.andrew.org.stc-23_1;Ricardo Mesa-Tejada, MD;June 19 Weekly Seminars;4:00 PM;;Scaife Hall Room 618
cmu.andrew.org.stc-24_1;Dr Werner Koepf;CMU/Pitt Physics Seminars;4:30 PM;;106 Allen Hall, Pitt
cmu.andrew.org.stc-29_0;Steve Blusk;SEMINARS;4:00 PM;;316 Allen Hall, Pitt
cmu.andrew.org.stc-4_0;;THE WEEKLY AIM SEMINAR;12:00 PM;;MI 448
cmu.andrew.org.student-affairs.diversity.announce-2_0;Jeannine Amber;Talk;7:00 PM;;William Pitt
cmu.andrew.org.utc.teaching-10_3;;Seminars for graduate students (complete schedule);4:45;6:15 PM;
cmu.andrew.org.utc.teaching-10_6;;Seminars for graduate students (complete schedule);2:30;4:00 PM;
cmu.andrew.org.utc.teaching-13_0;;Faculty Luncheon Seminar/Nov. 3-4;10:00;;
cmu.andrew.org.utc.teaching-14_1;Rita Silverman;Faculty Luncheon Seminar/Nov. 10-11;11:00;11:50;
cmu.andrew.org.utc.teaching-22_0;;Revised Spring Seminar Series for graduate students;4:45;6:15 PM;
cmu.andrew.org.utc.teaching-22_4;;Revised Spring Seminar Series for graduate students;7:00;9:00 PM;
cmu.andrew.org.utc.teaching-22_6;;Revised Spring Seminar Series for graduate students;12:00;1:30 PM;
cmu.andrew.org.utc.teaching-24_0;Richard M Felder;SEMINAR INFORMARTION;10:45 AM;;Doherty Hall 1112
cmu.andrew.org.utc.teaching-25_0;;Three upcoming seminars for grad students;7:00;8:30 PM;
cmu.andrew.org.utc.teaching-25_1;Molly Johnson;Three upcoming seminars for grad students;4:45;6:15 PM;
cmu.andrew.org.utc.teaching-25_2;Elinore Long;Three upcoming seminars for grad students;7:00;9:00 PM;
cmu.andrew.org.utc.teaching-27_0;;UTC Summer Seminars for Graduate Students;2:00;4:00 PM;Carnegie Conference Room, Warner Hall
cmu.andrew.org.utc.teaching-27_1;;UTC Summer Seminars for Graduate Students;2:00;4:00 PM;Warner Hall 415
cmu.andrew.org.utc.teaching-27_4;;UTC Summer Seminars for Graduate Students;2:00;3:30 PM;Warner Hall 415
cmu.andrew.org.utc.teaching-28_3;;Fall Seminars for Graduate Students;6:00;7:30 PM;Carnegie Conference Room, Warner Hall
cmu.andrew.org.utc.teaching-28_4;;Fall Seminars for Graduate Students;4:45;6:15 PM;Carnegie Conference Room, Warner Hall
cmu.andrew.org.utc.teaching-28_5;;Fall Seminars for Graduate Students;6:00;9:00 PM;Carnegie Conference Room, Warner Hall
cmu.andrew.org.utc.teaching-81_1;;UTC Summer Seminars for Graduate Students;2:00;4:00 PM;Carnegie Conference Room, Warner Hall
cmu.andrew.org.utc.teaching-81_3;;UTC Summer Seminars for Graduate Students;2:00;3:30 PM;Carnegie Conference Room, Warner Hall
cmu.andrew.org.utc.teaching-81_4;;UTC Summer Seminars for Graduate Students;2:00;3:30 PM;Carnegie Conference Room, Warner Hall
cmu.andrew.org.win-10_0;Iris Young;Talk by <speaker>Iris Young</speaker>;7:30 PM;;Forbes Quad, 2M56 on the University of Pittsburgh campus
cmu.cs.group.pop-163_0;Bob Carpenter;POP SEMINAR;2:30 PM;4:00 PM;Wean Hall 8110
cmu.cs.group.pop-53_0;P Bailey;POP Seminar MONDAY: <speaker>P. Bailey</speaker>;3:30 PM;4:30 PM;WeH 5409
cmu.cs.group.pop-55_0;Kohlhase;POP Seminar: <speaker>Kohlhase</speaker>;3:00 PM;4:00 PM;WeH 8220
cmu.cs.group.pop-58_0;Neil Jones;Informal Talk---<speaker>Neil Jones</speaker>;10:30 PM;11:30 PM;WeH 4601
cmu.cs.group.pop-63_0;Andrei Voronkov;POP Seminar Mon, Nov 16: Voronkov;3:30 PM;4:30 PM;Wean Hall 4601
cmu.cs.group.pop-75_0;Alex Aiken;POP Seminar Feb 5;3:00 PM;4:00 PM;WeH 8220
cmu.cs.group.pop-82_0;Olivier Danvy;POP Seminar Feb 16: Danvy;3:00 PM;4:00 PM;WeH 8220
cmu.cs.group.pop-87_0;Gene Rollins;POP Seminar: Rollins;3:00 PM;4:00 PM;WeH 8220
cmu.cs.group.pop-91_0;Julia Lawall;POP SEMINAR;1:30;3:30 PM;WeH 4601
cmu.cs.group.pop-93_0;Ross;POP Seminar: <speaker>Ross</speaker>;3:30;5:00 PM;WeH 8220
cmu.cs.group.pop-94_0;John Greiner;POP Seminar: Greiner;3:00;4:00 PM;WeH 8220
cmu.cs.news.announce-41_0;Kim Cannon;Video Toaster Presentation!;7:00 PM;;DOHERTY HALL 1212
cmu.cs.proj.cimds-1005_0;Katia Sycara;Kalendar seminar;1:30;3:00;DH 3313 (large conference
cmu.cs.proj.cimds-1058_0;Barry R Fox;Special Seminar;1:30;2:30;4623 Wean Hall
cmu.cs.proj.cimds-1132_0;;ADVANCED OM SEMINAR SERIES;2:00;3:30 PM;room 318 (GSIA
cmu.cs.proj.cimds-1136_0;Eric Svaan;Driving the Learning Machine : Lessons from;2:00;3:30 PM;GSIA Rm 318
cmu.cs.proj.cimds-139_0;Ed Barron;DEC presentation;1:30 PM;;4623 (?), the fleecing room
cmu.cs.proj.cimds-249_0;Mike Greenberg;ISL seminar cancelled;3:30 PM;;
cmu.cs.proj.cimds-273_0;;yet another ISL Seminar;3:30 PM;;ISL Lab
cmu.cs.proj.cimds-342_0;Dean Kaplan;Operations Management Seminar;3:30 PM;;GSIA main
cmu.cs.proj.cimds-468_0;Tom Morton;Talk by <speaker>Tom Morton</speaker>;12:00 PM;;3313 DH
cmu.cs.proj.cimds-523_0;Ben Wise;new seminar;9:00 AM;;@ISL
cmu.cs.proj.cimds-567_0;Steve Smith;ISIS-3;11:30;1:00;422 Scaife
cmu.cs.proj.cimds-569_0;Arvind Sathi;Knowledge Representation in Callisto;11:30;1:00;422 SCAIFE
cmu.cs.proj.cimds-579_0;Maurice Cohen;Seminar;3:00 PM;;MS auditorium in GSIA
cmu.cs.proj.cimds-624_0;Ramana Reddy;isl seminar - 5/30;11:30;1:00;6423 Wean Hall
cmu.cs.proj.cimds-645_0;Beverly Kedzierski;Knowledge-Based Communication and Management Support;11:30;1:00;6423 Wean Hall
cmu.cs.proj.cimds-665_0;Mark Fox;Object Programming in SRL;11:00 AM;12:00 PM;ISL conference room
cmu.cs.proj.cimds-781_0;Dr Donald Kosy;Presentation of Ergo Project;11:00 AM;12:00 PM;DH3313
cmu.cs.proj.cimds-804_0;John C Akbari;Presentation of RESEARCHER project.;11:00 AM;12:00 PM;DH3313
cmu.cs.proj.cimds-897_0;Robert Booth;Planning, Designing, and Implementing an Information Architecture;5:00 PM;;Main Auditorium (1st Floor) GSIA
cmu.cs.proj.coda.general-393_0;STEPHEN PINK;INFORMAL TALK;1:30 PM;3:00 PM;WEAN HALL 7220
cmu.cs.proj.coda.general-447_0;;Practice talk;2:00 PM;;WeH 7220
cmu.cs.proj.coda.general-508_0;Toshinari Takahashi;File-based Network Collaboration System;10:30;12:00;WeH 8220
cmu.cs.proj.ergo-46_2;;Model Theory Seminar;4:30 PM;;WeH 6121
cmu.cs.proj.mt-322_0;Michael Lesk;Using machine-readable dictionaries;1:00;2:30;7220 Wean Hall
cmu.cs.proj.mt-494_0;;Zero Pronominals, Point-of-View, Empathy Perspective,;1:30 PM;;CMT conference room (Bdlg B 109
cmu.cs.proj.mt-615_0;Toshiaki Tsuboi;Speech Talk on Fri;10:00 AM;;CMT conference room (BoM 109)
cmu.cs.proj.mt-629_0;Dr Fred Jelinek;reminder: Jelinek lecture;3:30;5:00 PM;WeH 5403
cmu.cs.proj.mt-633_0;Robert DeKeyser;Job Talks in Modern Languages;1:30 PM;;Dean's Conference Room, Baker Hall 246A
cmu.cs.proj.mt-633_4;Susanne Carroll;Job Talks in Modern Languages;3:30 PM;;Dean's Conference Room, Baker Hall 246A
cmu.cs.proj.mt-640_0;;SOME ISSUES IN UNIFICATION GRAMMAR;3:00 PM;;CMT Conference Room, 109 Smith Hall
cmu.cs.proj.mt-706_0;Bob Carpenter;Comp. Ling. Talk Nov 5;12:00 PM;1:30 PM;Baker Hall 355
cmu.cs.proj.mt-709_0;Eric H Nyberg, 3rd;CMT Research Seminar Announcement;2:30 PM;;UCC 283
cmu.cs.proj.mt-712_0;Teruko Mitamura;CMT Research Seminar -- Tuesday, Nov. 24;4:00 PM;;UCC 279
cmu.cs.proj.mt-716_0;Ted Gibson;PP Attachment Preferences: Evidence from Psycholinguistic Studies;1:30 PM;;Baker Hall 237B
cmu.cs.proj.mt-728_0;Nagao;<speaker>Nagao</speaker> Talk;10:00;11:00 AM;CMT red conference room
cmu.cs.proj.nectar-117_0;Pat Savage;Two Interesting Talks on Thursday;2:30 PM;;Wean Hall 7220
cmu.cs.proj.nectar-146_0;Ernst Munter;Supercomputing Seminar this Friday;4:00 PM;;Wean 5409
cmu.cs.proj.nectar-157_0;Fred Christianson;Talk on production system;11:00 AM;;WH7220
cmu.cs.proj.nectar-162_0;Holliman;Talk by <speaker>Holliman</speaker> on Jan 8th;4:15 PM;;8220
cmu.cs.proj.nectar-185_0;Alan Huang;Optical Digital Computers;4:00 PM;;Wean Hall 5409
cmu.cs.proj.nectar-198_0;H T Kung;ITC Seminar on Mon., 4/22;11:00 AM;;ITC Lecture Room (Rm 279), UCC
cmu.cs.proj.nectar-43_0;Norman Christ;From Gigaflops to Teraflops, Parallel Supercomputers;4:00 PM;;Wean Hall 5409
cmu.cs.proj.nectar-62_0;Dr Cleve Moler;MATLAB;4:00 PM;;Wean Hall 5409
cmu.cs.proj.nectar-92_0;Yasuro Shobatake;An ATM Switch based on a CASO-banyan Network;1:30 PM;;Wean Hall 8220
cmu.cs.proj.speech-1065_0;Chris Schmandt;<speaker>Chris Schmandt</speaker> ITC talk.;2:00 PM;;
cmu.cs.proj.speech-1128_0;Toshiaki Tsuboi;Speech talk on Fri;10:00 AM;;CMT conference room (BoM 109
cmu.cs.proj.speech-120_0;Cam Searle;<speaker>Cam Searle</speaker>'s talks;1:30;2:30;WeH 8220
cmu.cs.proj.speech-1271_0;Murray Spiegel;NEW TIME: Speech Synthesis Talk 6/12;10:30 AM;;WEH 5409
cmu.cs.proj.speech-1293_0;Larry Stewart;The CRL Audio Server, AudioFile;12:00 PM;1:00 PM;Wean Hall 4623
cmu.cs.proj.speech-1339_0;Julia Hirschberg;intonation and discourse: <speaker>Julia Hirschberg</speaker> talk;12:00;1:30 PM;Porter Hall 126C
cmu.cs.proj.speech-1378_0;Nobutoshi Hanai;talk tomorrow;12:00;1:00;PH B34
cmu.cs.proj.speech-1386_0;Nobutoshi Hanai;Reminder: talk Tuesday;12:30;;PH B34
cmu.cs.proj.speech-1768_0;Uwe Meier;Lip Reading Architectures;10:00 AM;;Wean Hall 4616
cmu.cs.proj.speech-487_0;Fil Alleva;zapdash mini-seminar;2:30 PM;;Fil's office
cmu.cs.proj.speech-571_0;Hans-Werner Hein;speech recog talk;3:00 PM;;WeH8220
cmu.cs.proj.speech-701_0;;talk today;3:30;;Scaife
cmu.cs.proj.speech-824_0;Henrion;correction on <speaker>Henrion</speaker> talk;3:30;;Porter Hall 7A
cmu.cs.proj.speech-876_0;Paul Chou;Talk;11:00 AM;;4605 Wean
cmu.cs.proj.vdata-1036_0;Sarvajit S Sinha;AI Seminar / Vision Topic;3:30;5:00;WeH 5409
cmu.cs.proj.vdata-1066_0;Steve Cochran;Reminder: Vision Seminar TODAY;3:30 PM;;7220 Wean
cmu.cs.proj.vision-178_0;David Smith;IUS seminar tomorrow;3:30;;8220
cmu.cs.proj.vision-182_0;;IUS seminar for Monday lunch;12:45;;
cmu.cs.proj.vision-194_0;Larry O'Gorman;IUS seminar Monday at 3pm;3:00 PM;;WeH 8220
cmu.cs.proj.vision-198_0;Mel Siege;IUS seminar Monday;3:00 PM;;WeH 8220
cmu.cs.proj.vision-265_0;Steve Shafer;<speaker>Steve Shafer</speaker> at IUS seminar/9 April;3:30;;8220
cmu.cs.proj.vision-271_0;;IUS seminar 4/23;3:30;;8220
cmu.cs.proj.vision-273_0;Alberto Elfes;Sanderson group seminar;2:30;;WeH 4623
cmu.cs.proj.vision-280_0;Victor Milenkovic;<speaker>Victor Milenkovic</speaker> at IUS seminar 5/21;3:30;;8220
cmu.cs.proj.vision-283_0;;IUS seminar June 4;3:30;;8220
cmu.cs.proj.vision-289_0;Stuart Friedberg;<speaker>Stuart Friedberg</speaker> talking Friday;2:00;;8220
cmu.cs.proj.vision-383_0;Clif McVay;IUS seminar today;3:30 PM;;8220
cmu.cs.proj.vision-471_0;Dr Aviad Zlotnick;Vision Seminar 1:30 TODAY;1:30;;5409 Wean Hall
cmu.cs.proj.vision-597_0;Sanjoy Mitter;ECE Seminar on Vision;3:30 PM;;Scaife Hall Auditorium
cmu.cs.proj.vision-664_0;Dr Koji Ikuta;Shape Memory Alloy Servo Actuator;3:30 PM;4:30pm;4605 Wean Hall
cmu.cs.proj.vision-666_0;Dr Walter Kropatsch;Special Seminar in Digital Mapping;10:00;11:30;8220 Wean
cmu.cs.proj.vision-700_0;Dr David G Goodenough;AI talk in Remote Sensing;3:30;5:00;WeH 5409
cmu.cs.proj.vision-706_0;Toni Gunzinger;Special Seminar 6/14/90;10:00 AM;;Wean Hall 7220
cmu.cs.proj.warp.iwarp-184_0;Mr Takeshi Horie;AP1000 talk;4:00 PM;;
cmu.cs.proj.warp.iwarp-524_0;Prof KGopinath;Seminar;3:30 PM;;WeH 5403
cmu.cs.proj.warp.iwarp-987_0;Brezany;Special CS Seminar 6/6 <stime>3:00 p.m</stime>. <speaker>Brezany</speaker> (Univ. of Vienna) <location>WeH 8220</location>;3:00 pm;;WeH 8220
cmu.cs.robotics-1018_0;Ralph Hollis;Lorentz Levitation Technology:;3:30 PM;5:00 PM;ADAMSON WING Auditorium in Baker Hall
cmu.cs.robotics-1028_0;Michael Erdmann;Dealing with Uncertainty by Designing Action-Based Sensors;3:30 PM;5:00 PM;ADAMSON WING Auditorium in Baker Hall
cmu.cs.robotics-1034_0;Michael Erdmann;Dealing with Uncertainty by Designing Action-Based Sensors;3:30 PM;5:00 PM;ADAMSON WING Auditorium in Baker Hall
cmu.cs.robotics-1035_0;Alonzo Kelly;Systems Design of An Off Road Autonomous Navigator;3:30 PM;5:00 PM;ADAMSON WING Auditorium in Baker Hall
cmu.cs.robotics-1069_0;John Lloyd;Sensor-Driven Robot Control: Programming,;3:30 PM;5:00 PM;ADAMSON WING Auditorium in Baker Hall
cmu.cs.robotics-1149_4;;Univ. Teaching Ctr Grad Seminars - Summer 1994;2:00;3:30 PM;Warner Hall 415
cmu.cs.robotics-1149_5;;Univ. Teaching Ctr Grad Seminars - Summer 1994;2:00;3:30 PM;Warner Hall 415
cmu.cs.robotics-1189_0;Conrad Poelman;Social Calendar: Grad Seminar, Movie night, & Robowar V;12:00 PM;;Robolounge (314 BoM D)
cmu.cs.robotics-1203_0;Hugh Durrant-Whyte;Navigation and Control of High-Speed Land Vehicles;3:30;5:00;WeH 4623
cmu.cs.robotics-1236_0;Tony DeRose;Subdivision Surfaces: The Successors to NURBS?;10:00;11:30 AM;EDRC Conference Hall - 1202 Hamburg Hall
cmu.cs.robotics-1243_0;Richard Szeliski;Image Mosaicing for Tele-Reality Applications;3:30 PM;5:00 PM;ADAMSON WING Auditorium in Baker Hall
cmu.cs.robotics-1245_0;;IC Research Symposium;7:00 PM;;Wean 4623
cmu.cs.robotics-1269_0;Ramesh Bollapragada;AN ASYNCHRONOUS TEAM SOLUTION TO SCHEDULING STEEL PLANTS;1:00 PM;;4623 WEAN HALL
cmu.cs.robotics-1293_0;Antal Bejczy;<speaker>Antal Bejczy</speaker> Lecture Nov. 11;1:30;;Wean 4623
cmu.cs.robotics-1297_0;Tony Stentz;The D* Algorithm for Real-Time Path Replanning;3:30 PM;5:00 PM;ADAMSON WING Auditorium in Baker Hall
cmu.cs.robotics-1304_0;Dan Huttenlocher;Using Two-Dimensional Image Matching to Interpret the Three-Dimensional World;3:30 PM;5:00 PM;ADAMSON WING Auditorium in Baker Hall
cmu.cs.robotics-1316_0;John Bares;Dante II and Beyond: Exploration Robots;3:30 PM;5:00 PM;ADAMSON WING Auditorium in Baker Hall
cmu.cs.robotics-1341_0;Jerome Feldman;pSather 1.0 - A Simpler Second System;1:00 PM;;4615A Wean Hall
cmu.cs.robotics-136_0;Reid Simmons;An Autonomous Walking Robot for Planetary Exploration;3:30 PM;4:30 pm;Baker Hall, Adamson Wing
cmu.cs.robotics-137_0;Jill Fain Lehman;SCS AI Seminar Next Tuesday;3:30;5:00;WeH 5409
cmu.cs.robotics-138_0;Reid Simmons;An Autonomous Walking Robot for Planetary Exploration;3:30 PM;4:30 pm;Baker Hall, Adamson Wing
cmu.cs.robotics-1401_0;Mel Siegel;3D-TV (and Workstations);3:30 PM;5:00 PM;ADAMSON WING Auditorium in Baker Hall
cmu.cs.robotics-1427_0;Jeff Schneider;Robot Skill Learning Through Intelligent Experimentation;3:30 PM;5:00 PM;ADAMSON WING Auditorium in Baker Hall
cmu.cs.robotics-142_0;Professor Reuven Karni;Exploring the autonomous learning problem with mathematical programming;1:30;2:30 PM;Doherty Hall 3313
cmu.cs.robotics-1442_0;Paolo Dario;Robots for the Assistance to the Disabled and the Elderly:;3:30 PM;5:00 PM;ADAMSON WING Auditorium in Baker Hall
cmu.cs.robotics-1445_0;Oren Etzioni;Learning to Understand Information on the Internet.;3:30 PM;;5409 Wean Hall
cmu.cs.robotics-1478_0;Simon Penny;Autonomous Interactive Artwork;3:30 PM;5:00 PM;ADAMSON WING Auditorium in Baker Hall
cmu.cs.robotics-1479_0;Harold Cohen;AARON: In Living Color;3:30 PM;;5409 Wean Hall
cmu.cs.robotics-1492_0;Anita M Flynn;TODAY *ROOM CHANGE*  Anita Flynn's Talk (Faculty Candidate): Smith 125.;3:30;5:00;Smith Hall 125
cmu.cs.robotics-1495_0;Shree K Nayar;"Upcoming Robotics Seminars: Apr 14 none; Apr 21 Shree Nayar.";3:30;5:00;Adamson Wing, Baker Hall
cmu.cs.robotics-150_0;Assistant Professor Subhas Desa;ON CHOOSING THE BEST FEEDBACK CONTROL STRATEGY FOR;3:30 PM;4:30 pm;Baker Hall, Adamson Wing
cmu.cs.robotics-1511_0;Dr Kishan Bahet;Control and Manufacturing Research and Education Programs;3:30 PM;5:00 PM;ADAMSON WING Auditorium in Baker Hall
cmu.cs.robotics-153_0;Assistant Professor Subhas Desa;ON CHOOSING THE BEST FEEDBACK CONTROL STRATEGY FOR;3:30 PM;4:30 pm;Baker Hall, Adamson Wing
cmu.cs.robotics-158_0;Dinesh K Pai;Programming Complex Mechanical Systems with Applications;3:30 PM;4:30 pm;Baker Hall, Adamson Wing
cmu.cs.robotics-165_0;Robert French;AI Seminar Next Tuesday;3:30;5:00;WeH 5409
cmu.cs.robotics-171_0;Russell H Taylor;Medical Robotics: A Step Toward Computer Integrated Medicine;3:30 PM;4:30 pm;Baker Hall, Adamson Wing
cmu.cs.robotics-183_0;Professor Hirofumi Miura;Dexterity and Intelligence in Robotic Systems;3:30 PM;4:30 pm;Baker Hall, Adamson Wing
cmu.cs.robotics-197_0;Jeff Koechling;Control Strategies for Intermittent Dynamic Tasks;3:30 PM;4:30 pm;Baker Hall, Adamson Wing
cmu.cs.robotics-199_0;Didier Dubois;AI Seminar This Friday;2:00;3:30;WeH 5409
cmu.cs.robotics-247_0;Michelle Messenger;apE visualization software talk this Tue.;3:30 PM;;WeH 4623
cmu.cs.robotics-255_0;D Navinchandra;Product Design for Environmental Compatibility;2:00 PM;3:00 PM;3313 Doherty Hall
cmu.cs.robotics-256_0;D Navinchandra;Product Design for Environmental Compatibility;2:00 PM;3:00 PM;3313 Doherty Hall
cmu.cs.robotics-269_0;Milind Tambe;CIMDS SEMINAR;12:00 PM;1:00 PM;3313 Doherty (Large Conf Room
cmu.cs.robotics-278_0;DONATH;<speaker>DONATH</speaker> TALK MOVED;1:30;3:00 PM;Wean 4623
cmu.cs.robotics-282_0;Prof John Canny;Robotics Seminar, <speaker>Prof. John Canny</speaker>, Friday Oct 11, <stime>3:30</stime>, <location>Adamson Wing, Baker Hall</location>;3:30;;Adamson Wing, Baker Hall
cmu.cs.robotics-284_0;Patrick T K Fung;Special Robotics Seminar;1:30;2:30 PM;Wean Hall  5205
cmu.cs.robotics-295_0;;RI Symposium;8:30 AM;6:30 PM;SEI Auditorium
cmu.cs.robotics-298_0;Li;REMINDER - <speaker>Li</speaker> Talk Today;1:30;3:00 PM;8220 WeH
cmu.cs.robotics-299_0;Fritz Prinz;The Programmable Automated Welding System;12:00 PM;1:00 PM;3313 Doherty Hall
cmu.cs.robotics-302_0;Prof Jean-Claude Latombe;Robotics Seminar, <speaker>Prof. Jean-Claude Latombe</speaker>, Friday Oct 25, <stime>3:45</stime>, Doherty Hall 1112;3:45;;Doherty Hall 1112
cmu.cs.robotics-310_0;Lev Goldfarb;Goldfarb Seminar;4:00 PM;;Wean 4605
cmu.cs.robotics-326_0;Dr Chris McGlone;VISION Seminar TODAY;2:00 PM;3:00 PM;Wean 4634
cmu.cs.robotics-331_0;Jeff Kerr;Robotics Seminar, <speaker>Jeff Kerr</speaker>, Friday Nov 22, <stime>3:30</stime>, Adamson Wing, Baker Hall;3:30;;Adamson Wing, Baker Hall
cmu.cs.robotics-337_0;Driscoll;Robotics Seminar (<speaker>Driscoll</speaker>);3:30;5:00;Adamson Wing, Baker Hall
cmu.cs.robotics-340_0;James Driscoll;There is more to life than the FFT;3:30;5:00;Adamson Wing, Baker Hall
cmu.cs.robotics-389_1;;Theory Seminar, Feb. 14, 1992;3:30 PM;;WeH 5409
cmu.cs.robotics-407_0;Richard W Longman;Learning Control for Improved Performance in;3:30 PM;;Baker Hall, Adamson Wing
cmu.cs.robotics-418_0;Josef Skrzypek;Neural net models of lightness and color constancy.;3:30;5:00 PM;Wean Hall 7220
cmu.cs.robotics-426_0;Dr Kam W Wong;Computer vision and geometric measurement;3:30;4:30;Adamson Wing, Baker Hall
cmu.cs.robotics-443_0;Manocha;Reminder: <speaker>Manocha</speaker> Talk today;3:30 PM;;Wean Hall 4623
cmu.cs.robotics-447_0;Dan Koditschek;Robotics/Planning Talk: Dan Koditschek;3:30;5:00 PM;Wean 4623
cmu.cs.robotics-534_0;DR Yuan F Zheng;RI SEMINAR CORRECTION;3:30;5:00 PM;DOHERTY HALL 2315
cmu.cs.robotics-583_0;"Dr William ""Red"" L Whittaker";Antarctic Exploration Robotics;3:30;5:00 PM;Baker Hall Adamson Wing
cmu.cs.robotics-586_0;"Dr William ""Red"" L Whittake";Antarctic Exploration Robotics;3:30;5:00 PM;Baker Hall Adamson Wing
cmu.cs.robotics-590_0;Gregory D Hager;Techniques for Task-Directed Sensor Data;3:30;5:00 PM;DOHERTY HALL 2315
cmu.cs.robotics-639_0;Elisha Sacks;Graphics Seminar, Thu Nov 12, Kinematics;3:00;4:30;Wean 4623
cmu.cs.robotics-646_0;Professor Franz Leberl;Radargrammetric Processing of Magellan Images of the Planet Venus;3:30;5:00 PM;Wean Hall 4625
cmu.cs.robotics-647_0;Elisha Sacks;reminder: <speaker>Elisha Sacks</speaker> talk TODAY;3:00;4:30;Wean 4623
cmu.cs.robotics-648_0;Charles R Price;Space Robotics Activities at the Johnson Space Center;3:30 PM;;Baker Hall Adamson Wing
cmu.cs.robotics-703_0;PAUL S HECKBERT;FILTERS FOR IMAGE RESAMPLING;3:30 PM;5:00 PM;ADAMSON WING Auditorium in Baker Hall
cmu.cs.robotics-724_0;Daniela Rus;FINE MOTION PLANNING FOR DEXTEROUS MANIPULATION;3:30 PM;5:00 PM;ADAMSON WING Auditorium in Baker Hall
cmu.cs.robotics-742_0;KLAUS FISCHER;SOLVING SCHEDULING PROBLEMS WITH THE HELP OF MULTI-AGENT SYSTEMS;3:30 PM;5:00 PM;ADAMSON WING Auditorium in Baker Hall
cmu.cs.robotics-743_0;Jarek Rossignac;BEZIER-MINKOWSKI METAMORPHOSIS & INTERACTIVE GEOMETRIC MODELING;3:30;4:30;Wean 4623
cmu.cs.robotics-766_0;Steve Chien;Seminar;12:00;1:00;Doherty Hall
cmu.cs.robotics-788_0;Ed Nicolson;RI SEMINARS;3:30 PM;5:00 PM;Adamson Wing Auditorium
cmu.cs.robotics-834_0;Peter Eggleston;Talk on object segmentation techniques and constraint based feature indexing;3:00 PM;;WeH4623
cmu.cs.robotics-967_0;Alex Pentland;MULTIPLE-MODEL MACHINE VISION;2:00;3:30 PM;WeH 4601
cmu.cs.robotics.students-417_0;;TA seminars, UTC Grad support F94;9:00;10:15 AM;Cyert Hall 119
cmu.cs.robotics.students-525_1;;S95 Graduate Seminar Schedule;4:15;6:15 PM;Carnegie Conference Room, Warner Hall
cmu.cs.robotics.students-597_0;Dave Gould;Financial Aid Seminar this Thursday;4:30;6:30 PM;Adamson Wing, Baker Hall
cmu.cs.robotics.students-613_2;;Univ. Teaching Ctr. summer seminars;2:00;3:30 PM;Carnegie Conference Room,
cmu.cs.robotics.students-613_3;;Univ. Teaching Ctr. summer seminars;2:00;3:30 PM;Carnegie Conference Room,
cmu.cs.robotics.students-613_4;;Univ. Teaching Ctr. summer seminars;2:00;3:30 PM;Carnegie Conference Room,
cmu.cs.scs-1043_0;Laurent Renouard;"Talk: ""DTM from SPOT and Aerial Images""";2:00 PM;;WeH 4625
cmu.cs.scs-1109_0;DR Navin Chandra;Green Engineering: Rethinking Engineering Design And;3:30;5:00 PM;BAKER HALL ADAMSON WING
cmu.cs.scs-1111_0;Rajive Bagrodia;Iterative Design of Efficient Parallel Programs;2:30 PM;;Wean Hall 4605
cmu.cs.scs-1133_0;DrTed Adelson;Elemental measurements in vision.;3:30 PM;5:00 PM;Baker Hall - Adamson Wing
cmu.cs.scs-1154_0;DrTed Adelson;Elemental measurements in vision.;3:30 PM;5:00 PM;Baker Hall - Adamson Wing
cmu.cs.scs-1158_1;David A Padua;PSC/CS Seminar: additonal speakers;4:00 PM;;Wean Hall 5403
cmu.cs.scs-118_0;;Programming Systems Seminar;3:30;5:00;WeH 5409
cmu.cs.scs-1213_0;"Dr William ""Red"" L Whittaker";Antarctic Exploration Robotics;3:30;5:00 PM;Baker Hall Adamson Wing
cmu.cs.scs-1237_0;DOUG TYGAR;1ST ANNUAL SCS HOMECOMING LECTURE;3:00 PM;;Wean 7500
cmu.cs.scs-1246_0;Asst Professor Harold L Alexander;Research in Teleoperated and Cooperative Control;3:30;5:00 PM;Baker Hall Adamson Wing
cmu.cs.scs-1288_0;David L House;THE FUTURE OF COMPUTING-Lecture;3:30 PM;;Adamson Wing, Baker Hall
cmu.cs.scs-1305_0;Paul Haeberli;"GRAPHICS SEMINAR: Nov. 11, ""Computer Graphics Snacks""";2:40;4:00;Baker Hall, Adamson Wing
cmu.cs.scs-1327_0;Charles R Price;Space Robotics Activities at the Johnson Space Center;3:30 PM;;Baker Hall Adamson Wing
cmu.cs.scs-134_0;Valdes-Perez;IC Talks rescheduled;9:00;10:20;Wean 4605
cmu.cs.scs-1354_0;Elisha Sacks;reminder: <speaker>Elisha Sacks</speaker> talk TODAY;3:30;4:30;Wean 4623
cmu.cs.scs-1374_0;Teruko Mitamura;CMT Research Seminar;4:00 PM;;UCC 279
cmu.cs.scs-1382_0;Eric Krotkov;Autonomous Walking for the Ambler Planetary;3:30;5:00 PM;Baker Hall - Adamson Wing
cmu.cs.scs-1388_0;PROFESSOR HERB SIMON;Distinguished Lecture December 2;3:30 PM;;Wean Hall 7500
cmu.cs.scs-1424_0;Mick Dungworth;CS/PSC Seminar today @ 4:00 in Mellon Inst. on Cray MPP;4:00;;3rd Floor Conference Room, Mellon Institute Building
cmu.cs.scs-144_0;Patrick T K Fung;Space Robotics Seminar;1:30;2:30 PM;Wean Hall  5205
cmu.cs.scs-1501_0;Anders Bondorf;POP SEMINAR;3:00;4:00 PM;WeH 8220
cmu.cs.scs-1526_0;Ken Miura;CS/PSC Seminar 1/22: Miura on Fujitsu VPP 500;4:00 PM;;3rd Floor Conference Room
cmu.cs.scs-1542_0;Gian Aldo Antonelli;A Revision-Theoretic Analysis of the Arithmetical Hierarchy;3:30 PM;;WEH 5409
cmu.cs.scs-1574_0;David A Patterson;WWC: Picturetel seminar: Patterson, Feb 10, <stime>7</stime>-8:30 pm, <location>4623 WeH</location>;7;8:30 PM;4623 WeH
cmu.cs.scs-1582_0;Prof Patterson;Change!!: Wed WWC PictureTel Seminar;7:15;8:15 PM;4623 Wean Hall
cmu.cs.scs-1582_1;;Change!!: Wed WWC PictureTel Seminar;7:00 PM;8:30 PM;
cmu.cs.scs-1588_0;Rajiv Gupta;Program Dependence Graph and Static Single Assignment forms;9:00 AM;;WeH 5409
cmu.cs.scs-1591_0;Rajiv Gupta;Re: Lecture by <speaker>Rajiv Gupta</speaker>, Univ of Pittsburgh, Feb 12, <stime>9 AM</stime>;9 AM;;WeH 5409
cmu.cs.scs-1594_0;Christos H Papadimitriou;WWC video seminar: Feb 17 7:15-8:15 pm <location>4623 WeH</location> Christos H. Papadimitriou;7:15;8:15 PM;4623 WeH
cmu.cs.scs-1600_1;;Tax Seminar for Non-Residents;12:00;1:30;Wherret Room of Skibo
cmu.cs.scs-1628_0;Richard Ewing;PSC/CS Seminar 3/5 4:00 R. Ewing on Reservoir Simulation;4:00;;3rd Floor Conference Room, Mellon Institute
cmu.cs.scs-1636_0;PROFESSOR RUZENA BAJCSY;March 17 Distinguished Lecture;3:30 PM;;Wean Hall 7500
cmu.cs.scs-1645_0;Steve Frank;PSC/CS Seminar 3/12 <stime>4:00</stime> <location>WeH 5202</location> S. Frank of KSR Inc.;4:00;;WeH 5202
cmu.cs.scs-1649_0;Amy Zwarico;"""Testing Preorders for Reactive Real-Time Processes""";3:30 PM;5:00 PM;Wean Hall 5409
cmu.cs.scs-1817_0;;MSE End-of-Semester Presentation;1:30;3:00 PM;SEI A104 (video room
cmu.cs.scs-1841_0;Karlis Mateus;Healthy Office Seminar;1:00 PM;;Wean
cmu.cs.scs-201_0;Burton J Smith;PSC Seminar today @ 4:00: Tera Comp.;4:00;;Mellon Institute Bldg
cmu.cs.scs-2131_0;Steve Lucco;Short talk on Data Breakpoints;11:50;12:00;Wean 5409
cmu.cs.scs-2147_0;Ron P Loui;Special AI Seminar;3:30 PM;;4623 Wean Hall
cmu.cs.scs-2166_14;;reminder: grad student teaching seminars;7:00;9:00 PM;
cmu.cs.scs-2166_8;;reminder: grad student teaching seminars;2:00;5:00 PM;Media Classroom, Hunt Library
cmu.cs.scs-2204_0;DR MARK WEISER;SCS Distinguished Lecture Oct. 7;4:00 PM;;Wean Hall 7500
cmu.cs.scs-2206_0;Marc Snir;PSC/CS Seminar 10/8 <stime>4:00 pm</stime> <location>WeH 5409</location>: Marc Snir of IBM;4:00 pm;;WeH 5409
cmu.cs.scs-2246_0;Andreas  Nowatzyk;CS/PSC Seminar 10/22 @ <stime>4:00 p.m</stime> <location>WeH 5409</location> A. Nowatzyk of Sun;4:00 pm;;WeH 5409
cmu.cs.scs-2253_0;Rich Korf;Best-First Minimax Search;3:30 PM;;4623 Wean Hall
cmu.cs.scs-2261_0;Herbert Simon;The EPAM Model of Experts' Discrimination and Learning:;3:30 PM;;5409 Wean Hall
cmu.cs.scs-2285_0;Clark Glymour;Automated Casual Inference: Recent Work and Open Problems;3:30 PM;;5409 Wean Hall
cmu.cs.scs-2301_0;Prof Klaus Sutner;"""Teaching Automata Theory by Computer""";12:00 PM;;WeH 4623
cmu.cs.scs-2347_0;Kris Hammond;Actualized Intelligence: Planning and Acting in Dynamic Environments;3:30 PM;;5409 Wean Hall
cmu.cs.scs-2363_0;;MSE End-of-Semester Presentation;11:00 AM;12:00 PM;SEI Auditorium
cmu.cs.scs-2378_0;Kai Li;CS/PSC Seminar 12/3 4:00pm <speaker>Kai Li</speaker> <location>WeH 5409</location>;4:00 PM;;WeH 5409
cmu.cs.scs-2413_0;Maxine Eskenazi;Speech Seminar;1:30;3:30;4623 Wean Hall
cmu.cs.scs-242_0;Nathaniel S Borenstein;PS Seminar;3:30 PM;5:00 PM;WeH 5409
cmu.cs.scs-250_0;Nathaniel S Borenstein;PS Seminar;3:30 PM;5:00 PM;WeH 5409
cmu.cs.scs-2564_0;Michael Christel;HCI Seminar 1/26;3:30;5:00;WeH 5409
cmu.cs.scs-2565_0;Alonzo Kelly;Systems Design of An Off Road Autonomous Navigator;3:30 PM;5:00 PM;ADAMSON WING Auditorium in Baker Hall
cmu.cs.scs-257_0;J E Smith;PSC/CS Seminar 11/1 4:00 <location>WeH 5403</location>: J. Smith of Cray Research;4:00;;WeH 5403
cmu.cs.scs-2580_0;Dan Weld;Planning: Recent Results;3:30 PM;;5409 Wean Hall
cmu.cs.scs-260_0;Wayne Snyder;Basic Paramodulation and Basic Strict Superposition;3:30 PM;;WeH 5409
cmu.cs.scs-2641_0;Guy L Steele, Jr;High Performance Fortran;4:00 PM;;3rd Floor Conference Room
cmu.cs.scs-2643_0;Tom Landauer;HCI Seminar Feb 16;3:30;5:00;WeH 5409
cmu.cs.scs-2644_4;James McWilliams;CS/PSC SEMINARS/SPRING 94;4:00 PM;;3rd Floor Conference Room
cmu.cs.scs-2666_0;Gary Miller;CS/PSC Seminar today @ 4:00 G. Miller <location>WeH 5409</location>;4:00;;WeH 5409
cmu.cs.scs-2669_0;Eugene Charniak;Improved Statistical Language Models from Syntactic Parsing;3:30 PM;;5409 Wean Hall
cmu.cs.scs-2733_0;Mike Eisenberg;HCI Seminar March 23;3:30;5:00 PM;Wean Hall 5409
cmu.cs.scs-2753_0;Mike Eisenberg;March 23 HCI Seminar;3:30;5:00 PM;Wean Hall 5409
cmu.cs.scs-278_0;Alessandro Forin;Mach Internals Seminar: Physical Memory Management;1:00;;Wean 7500
cmu.cs.scs-2801_0;Melvin Montemerlo;NASA's Artificial Intelligence Program;3:30 PM;;5409 Wean Hall
cmu.cs.scs-2847_0;Karsten M Decker;Parallel Computing at the Swiss Scientific;2:30 PM;;Wean Hall 4623
cmu.cs.scs-2926_0;Joel S Birnbaum, PhD;A FREE OBJECT TECHNOLOGY TELECAST/SEMINAR;11:00;5:00;Cyert Hall Room 100
cmu.cs.scs-3178_0;Arthur J  Freeman;Computer Systems Seminar 9/16;4:00 PM;;Mellon Institute Building
cmu.cs.scs-3199_11;Edmund Bertschinger;Calendar joint CS-PSC seminar series;4:00 PM;;Mellon Institute, 3rd Floor Conference Room
cmu.cs.scs-3199_2;David Wood;Calendar joint CS-PSC seminar series;4:00 PM;;Wean Hall 5409
cmu.cs.scs-3199_5;George Lea;Calendar joint CS-PSC seminar series;4:00 PM;;Mellon Institute, 3rd Floor Conference Room
cmu.cs.scs-3199_6;Art Olson;Calendar joint CS-PSC seminar series;4:00 PM;;Mellon Institute, 3rd Floor Conference Room
cmu.cs.scs-3208_0;David Wood;9/23 CS/PSC Seminar;4:00 PM;;Wean Hall 5409
cmu.cs.scs-3218_0;Professor Randy Katz;REMINDER - KATZ TALK;3:30 PM;5:00 PM;WeH 7500
cmu.cs.scs-3228_0;Steve McGeady;CS/PSC/PS seminar <speaker>Steve McGeady</speaker> on 10/17;3:30 PM;;Wean Hall 5409
cmu.cs.scs-3234_0;Ken Forbus;Special AI Seminar;3:00 PM;;Wean 4625
cmu.cs.scs-3240_0;Dennis Gannon;PSC/CS Seminar 9/30: <speaker>Dennis Gannon</speaker>;4:00 PM;;SEI Auditorium
cmu.cs.scs-3265_0;Robert Cavalier;Redesigning the Classroom: Teaching and Technology;4:30;5:30 PM;Porter Hall 225B
cmu.cs.scs-335_0;Professor NG de Bruijn;"""Mathematical Theory of Quasicrystals""";10:30 AM;;5409 Wean Hall
cmu.cs.scs-3406_0;Maurice Herlihy;POP TALK;3:00 PM;4:30 PM;WeH 8220
cmu.cs.scs-3412_0;Rick Stevens;CS Seminar 12/2: Rick Stevens;4:00 PM;;5409 Wean Hall
cmu.cs.scs-3499_0;Kai-Fu Lee;APPLE COMPUTER TALK;12:00;1:30 PM;Wean 4625
cmu.cs.scs-3553_0;Edith Cohen;THEORY SEMINAR;3:30;5:00;Wean Hall
cmu.cs.scs-3568_0;Morten Welinder;POP SEMINAR;3:30 PM;5:00 PM;WeH 8220
cmu.cs.scs-3590_0;Risto Miikkulainen;PSC/CS Seminar 2/24: <speaker>Risto Miikkulainen</speaker>;4:00 PM;;Mellon Institute Building
cmu.cs.scs-368_0;Tim Griffin;Logical Interpretations and Computational Simulations;3:30 PM;;WeH 5409
cmu.cs.scs-3784_0;Raj Reddy;HCI seminar, Raj Reddy, <stime>3:30</stime> Friday 5-5, <location>Wean 5409</location>;3:30;;Wean 5409
cmu.cs.scs-3822_0;J Eric Bracken;Special ECE Seminar May 19;11:00 AM;;HH 1112
cmu.cs.scs-384_0;Jonathan Minden;Re: Seminar notice (STC);4:00 PM;;448 Mellon Institute
cmu.cs.scs-386_0;Gerard Allwein;Kripke Models for Linear Logic;3:00 PM;;817 Cathedral of Learning
cmu.cs.scs-3881_0;Jeff Trinkle;TALK - <speaker>Jeff Trinkle</speaker>, Texas A&M Univ;3:00 PM;;Wean Hall 5409
cmu.cs.scs-40_0;Ronald Rivest;Ron Rivest-Distingished Lecture Series-wed;3:30 PM;;7500 WeH
cmu.cs.scs-448_0;Steven Skiena;Algorithms for Square Roots of Graphs;1:30 PM;;Wean Hall 4634
cmu.cs.scs-465_0;Steven Skiena;Algorithms for Square Roots of Graphs;1:30 PM;;Wean Hall 4634
cmu.cs.scs-516_0;Garth Gibson;PS SEMINAR;3:30 PM;5:00 PM;Wean Hall 5409
cmu.cs.scs-524_0;Menachem Magidor;LOGIC COLLOQUIUM;3:30;;Wean 5409
cmu.cs.scs-595_0;Charles Brooks;PSC/CS Seminar: 2/28 4:00 @ SEI;4:00;;SEI Auditorium
cmu.cs.scs-613_0;Jaime Carbonell;Distinguished Lecture--Today;3:30 PM;;7500 Wean Hall
cmu.cs.scs-667_0;Juergen Roethig;Networks class/DQDB talk;1:30;;5409
cmu.cs.scs-757_0;Charles E Leiserson;CS Seminar 4/10: Leiserson of MIT/TMC @ <stime>4:00 p.m</stime>., <location>WeH 5403</location>;4:00 pm;;WeH 5403
cmu.cs.scs-764_0;James H Morris;DISTINGUISHED LECTURE--TODAY;3:30 PM;;Wean Hall 7500
cmu.cs.scs-783_0;David Wile;<speaker>David Wile</speaker> to give talk, Thursday April 16;1:00 PM;;4623 Wean Hall
cmu.cs.scs-787_0;Eliot Moss;Special PS Seminar 4/26;2:00 PM;;WeH 4623
cmu.cs.scs-825_0;Leslie Lamport;The Temporal Logic of Actions;3:30 PM;;Wean Hall 4623
cmu.cs.scs-851_0;Leslie Lamport;The Temporal Logic of Actions;3:30 PM;;Wean Hall 4623
cmu.cs.scs-857_1;;Undergrad Research Presentations;3:30;5:00;Wean 5403
cmu.cs.scs-890_0;Dr Hajime Nonogaki;Special Seminar, Monday May 11;10:30 AM;11:00 AM;Wean Hall 8220
cmu.cs.scs-940_0;Dr Seiichi Watanabe;SONY TALK: Dr. Seiichi Watanabe;2:30 PM;;Scaife Hall 124
cmu.edrc.ndim-124_0;Tom Landauer;Interesting HCI seminar...;3:30;5:00;WeH 5409
cmu.misc.environmental-health-and-safety-260_0;Professor Don Fullerton;EPP TALK: Household Demand for Garbage and Recycling Collection;4:30 PM;;EPP conference room, located in BH-129
pgh.forsale-9143_0;Leonard Gierach;Advanced Whole Brain Learning seminar;8:30 AM;12:30 PM;Centre for Education, One Kingsway
